"Label (Grouping)","Alameda County, California!!Owner-occupied housing units with a mortgage!!Estimate","Alameda County, California!!Percent owner-occupied housing units with a mortgage!!Estimate","Alpine County, California!!Owner-occupied housing units with a mortgage!!Estimate","Alpine County, California!!Percent owner-occupied housing units with a mortgage!!Estimate","Amador County, California!!Owner-occupied housing units with a mortgage!!Estimate","Amador County, California!!Percent owner-occupied housing units with a mortgage!!Estimate","Butte County, California!!Owner-occupied housing units with a mortgage!!Estimate","Butte County, California!!Percent owner-occupied housing units with a mortgage!!Estimate","Calaveras County, California!!Owner-occupied housing units with a mortgage!!Estimate","Calaveras County, California!!Percent owner-occupied housing units with a mortgage!!Estimate","Colusa County, California!!Owner-occupied housing units with a mortgage!!Estimate","Colusa County, California!!Percent owner-occupied housing units with a mortgage!!Estimate","Contra Costa County, California!!Owner-occupied housing units with a mortgage!!Estimate","Contra Costa County, California!!Percent owner-occupied housing units with a mortgage!!Estimate","Del Norte County, California!!Owner-occupied housing units with a mortgage!!Estimate","Del Norte County, California!!Percent owner-occupied housing units with a mortgage!!Estimate","El Dorado County, California!!Owner-occupied housing units with a mortgage!!Estimate","El Dorado County, California!!Percent owner-occupied housing units with a mortgage!!Estimate","Fresno County, California!!Owner-occupied housing units with a mortgage!!Estimate","Fresno County, California!!Percent owner-occupied housing units with a mortgage!!Estimate","Glenn County, California!!Owner-occupied housing units with a mortgage!!Estimate","Glenn County, California!!Percent owner-occupied housing units with a mortgage!!Estimate","Humboldt County, California!!Owner-occupied housing units with a mortgage!!Estimate","Humboldt County, California!!Percent owner-occupied housing units with a mortgage!!Estimate","Imperial County, California!!Owner-occupied housing units with a mortgage!!Estimate","Imperial County, California!!Percent owner-occupied housing units with a mortgage!!Estimate","Inyo County, California!!Owner-occupied housing units with a mortgage!!Estimate","Inyo County, California!!Percent owner-occupied housing units with a mortgage!!Estimate","Kern County, California!!Owner-occupied housing units with a mortgage!!Estimate","Kern County, California!!Percent owner-occupied housing units with a mortgage!!Estimate","Kings County, California!!Owner-occupied housing units with a mortgage!!Estimate","Kings County, California!!Percent owner-occupied housing units with a mortgage!!Estimate","Lake County, California!!Owner-occupied housing units with a mortgage!!Estimate","Lake County, California!!Percent owner-occupied housing units with a mortgage!!Estimate","Lassen County, California!!Owner-occupied housing units with a mortgage!!Estimate","Lassen County, California!!Percent owner-occupied housing units with a mortgage!!Estimate","Los Angeles County, California!!Owner-occupied housing units with a mortgage!!Estimate","Los Angeles County, California!!Percent owner-occupied housing units with a mortgage!!Estimate","Madera County, California!!Owner-occupied housing units with a mortgage!!Estimate","Madera County, California!!Percent owner-occupied housing units with a mortgage!!Estimate","Marin County, California!!Owner-occupied housing units with a mortgage!!Estimate","Marin County, California!!Percent owner-occupied housing units with a mortgage!!Estimate","Mariposa County, California!!Owner-occupied housing units with a mortgage!!Estimate","Mariposa County, California!!Percent owner-occupied housing units with a mortgage!!Estimate","Mendocino County, California!!Owner-occupied housing units with a mortgage!!Estimate","Mendocino County, California!!Percent owner-occupied housing units with a mortgage!!Estimate","Merced County, California!!Owner-occupied housing units with a mortgage!!Estimate","Merced County, California!!Percent owner-occupied housing units with a mortgage!!Estimate","Modoc County, California!!Owner-occupied housing units with a mortgage!!Estimate","Modoc County, California!!Percent owner-occupied housing units with a mortgage!!Estimate","Mono County, California!!Owner-occupied housing units with a mortgage!!Estimate","Mono County, California!!Percent owner-occupied housing units with a mortgage!!Estimate","Monterey County, California!!Owner-occupied housing units with a mortgage!!Estimate","Monterey County, California!!Percent owner-occupied housing units with a mortgage!!Estimate","Napa County, California!!Owner-occupied housing units with a mortgage!!Estimate","Napa County, California!!Percent owner-occupied housing units with a mortgage!!Estimate","Nevada County, California!!Owner-occupied housing units with a mortgage!!Estimate","Nevada County, California!!Percent owner-occupied housing units with a mortgage!!Estimate","Orange County, California!!Owner-occupied housing units with a mortgage!!Estimate","Orange County, California!!Percent owner-occupied housing units with a mortgage!!Estimate","Placer County, California!!Owner-occupied housing units with a mortgage!!Estimate","Placer County, California!!Percent owner-occupied housing units with a mortgage!!Estimate","Plumas County, California!!Owner-occupied housing units with a mortgage!!Estimate","Plumas County, California!!Percent owner-occupied housing units with a mortgage!!Estimate","Riverside County, California!!Owner-occupied housing units with a mortgage!!Estimate","Riverside County, California!!Percent owner-occupied housing units with a mortgage!!Estimate","Sacramento County, California!!Owner-occupied housing units with a mortgage!!Estimate","Sacramento County, California!!Percent owner-occupied housing units with a mortgage!!Estimate","San Benito County, California!!Owner-occupied housing units with a mortgage!!Estimate","San Benito County, California!!Percent owner-occupied housing units with a mortgage!!Estimate","San Bernardino County, California!!Owner-occupied housing units with a mortgage!!Estimate","San Bernardino County, California!!Percent owner-occupied housing units with a mortgage!!Estimate","San Diego County, California!!Owner-occupied housing units with a mortgage!!Estimate","San Diego County, California!!Percent owner-occupied housing units with a mortgage!!Estimate","San Francisco County, California!!Owner-occupied housing units with a mortgage!!Estimate","San Francisco County, California!!Percent owner-occupied housing units with a mortgage!!Estimate","San Joaquin County, California!!Owner-occupied housing units with a mortgage!!Estimate","San Joaquin County, California!!Percent owner-occupied housing units with a mortgage!!Estimate","San Luis Obispo County, California!!Owner-occupied housing units with a mortgage!!Estimate","San Luis Obispo County, California!!Percent owner-occupied housing units with a mortgage!!Estimate","San Mateo County, California!!Owner-occupied housing units with a mortgage!!Estimate","San Mateo County, California!!Percent owner-occupied housing units with a mortgage!!Estimate","Santa Barbara County, California!!Owner-occupied housing units with a mortgage!!Estimate","Santa Barbara County, California!!Percent owner-occupied housing units with a mortgage!!Estimate","Santa Clara County, California!!Owner-occupied housing units with a mortgage!!Estimate","Santa Clara County, California!!Percent owner-occupied housing units with a mortgage!!Estimate","Santa Cruz County, California!!Owner-occupied housing units with a mortgage!!Estimate","Santa Cruz County, California!!Percent owner-occupied housing units with a mortgage!!Estimate","Shasta County, California!!Owner-occupied housing units with a mortgage!!Estimate","Shasta County, California!!Percent owner-occupied housing units with a mortgage!!Estimate","Sierra County, California!!Owner-occupied housing units with a mortgage!!Estimate","Sierra County, California!!Percent owner-occupied housing units with a mortgage!!Estimate","Siskiyou County, California!!Owner-occupied housing units with a mortgage!!Estimate","Siskiyou County, California!!Percent owner-occupied housing units with a mortgage!!Estimate","Solano County, California!!Owner-occupied housing units with a mortgage!!Estimate","Solano County, California!!Percent owner-occupied housing units with a mortgage!!Estimate","Sonoma County, California!!Owner-occupied housing units with a mortgage!!Estimate","Sonoma County, California!!Percent owner-occupied housing units with a mortgage!!Estimate","Stanislaus County, California!!Owner-occupied housing units with a mortgage!!Estimate","Stanislaus County, California!!Percent owner-occupied housing units with a mortgage!!Estimate","Sutter County, California!!Owner-occupied housing units with a mortgage!!Estimate","Sutter County, California!!Percent owner-occupied housing units with a mortgage!!Estimate","Tehama County, California!!Owner-occupied housing units with a mortgage!!Estimate","Tehama County, California!!Percent owner-occupied housing units with a mortgage!!Estimate","Trinity County, California!!Owner-occupied housing units with a mortgage!!Estimate","Trinity County, California!!Percent owner-occupied housing units with a mortgage!!Estimate","Tulare County, California!!Owner-occupied housing units with a mortgage!!Estimate","Tulare County, California!!Percent owner-occupied housing units with a mortgage!!Estimate","Tuolumne County, California!!Owner-occupied housing units with a mortgage!!Estimate","Tuolumne County, California!!Percent owner-occupied housing units with a mortgage!!Estimate","Ventura County, California!!Owner-occupied housing units with a mortgage!!Estimate","Ventura County, California!!Percent owner-occupied housing units with a mortgage!!Estimate","Yolo County, California!!Owner-occupied housing units with a mortgage!!Estimate","Yolo County, California!!Percent owner-occupied housing units with a mortgage!!Estimate","Yuba County, California!!Owner-occupied housing units with a mortgage!!Estimate","Yuba County, California!!Percent owner-occupied housing units with a mortgage!!Estimate"
"Owner-occupied housing units with a mortgage","224,843","224,843","141","141","6,255","6,255","30,553","30,553","8,341","8,341","2,790","2,790","190,637","190,637","3,122","3,122","37,678","37,678","112,334","112,334","3,419","3,419","17,714","17,714","16,986","16,986","2,430","2,430","108,795","108,795","15,331","15,331","8,681","8,681","3,526","3,526","1,094,056","1,094,056","18,914","18,914","48,113","48,113","2,594","2,594","10,919","10,919","27,707","27,707","1,310","1,310","1,824","1,824","43,311","43,311","20,605","20,605","19,198","19,198","422,707","422,707","72,463","72,463","3,480","3,480","336,248","336,248","217,028","217,028","8,604","8,604","271,986","271,986","429,792","429,792","89,626","89,626","90,636","90,636","42,924","42,924","111,594","111,594","50,193","50,193","255,816","255,816","38,438","38,438","27,341","27,341","504","504","6,256","6,256","68,472","68,472","77,494","77,494","69,104","69,104","12,105","12,105","9,944","9,944","1,723","1,723","54,356","54,356","9,328","9,328","125,729","125,729","26,300","26,300","10,381","10,381"
"    VALUE","","","","","","","","","","","","","","","","","","","","","","","","","","","","","","","","","","","","","","","","","","","","","","","","","","","","","","","","","","","","","","","","","","","","","","","","","","","","","","","","","","","","","","","","","","","","","","","","","","","","","","","","","","","","","","","","","","","",""
"        Less than $50,000","1,967","0.9%","3","2.1%","95","1.5%","567","1.9%","120","1.4%","71","2.5%","1,885","1.0%","295","9.4%","664","1.8%","2,176","1.9%","82","2.4%","360","2.0%","322","1.9%","108","4.4%","2,371","2.2%","192","1.3%","415","4.8%","127","3.6%","13,511","1.2%","295","1.6%","521","1.1%","25","1.0%","414","3.8%","528","1.9%","131","10.0%","29","1.6%","524","1.2%","242","1.2%","352","1.8%","4,774","1.1%","857","1.2%","80","2.3%","6,736","2.0%","3,684","1.7%","123","1.4%","5,589","2.1%","4,819","1.1%","876","1.0%","2,069","2.3%","609","1.4%","950","0.9%","580","1.2%","2,273","0.9%","371","1.0%","841","3.1%","0","0.0%","170","2.7%","1,096","1.6%","1,104","1.4%","1,193","1.7%","351","2.9%","330","3.3%","35","2.0%","1,227","2.3%","200","2.1%","1,135","0.9%","409","1.6%","169","1.6%"
"        $50,000 to $99,999","1,178","0.5%","0","0.0%","198","3.2%","1,133","3.7%","138","1.7%","131","4.7%","1,132","0.6%","224","7.2%","308","0.8%","5,625","5.0%","59","1.7%","200","1.1%","948","5.6%","158","6.5%","7,982","7.3%","912","5.9%","744","8.6%","321","9.1%","8,372","0.8%","526","2.8%","147","0.3%","115","4.4%","293","2.7%","1,319","4.8%","346","26.4%","96","5.3%","274","0.6%","186","0.9%","311","1.6%","3,346","0.8%","390","0.5%","107","3.1%","5,772","1.7%","2,702","1.2%","29","0.3%","7,757","2.9%","3,829","0.9%","263","0.3%","2,231","2.5%","299","0.7%","524","0.5%","499","1.0%","1,171","0.5%","310","0.8%","731","2.7%","43","8.5%","494","7.9%","763","1.1%","818","1.1%","1,178","1.7%","260","2.1%","621","6.2%","47","2.7%","4,295","7.9%","182","2.0%","932","0.7%","74","0.3%","675","6.5%"
"        $100,000 to $299,999","10,025","4.5%","43","30.5%","2,791","44.6%","15,900","52.0%","3,750","45.0%","1,653","59.2%","18,937","9.9%","1,691","54.2%","6,436","17.1%","66,403","59.1%","2,116","61.9%","7,754","43.8%","13,226","77.9%","857","35.3%","72,026","66.2%","11,493","75.0%","4,913","56.6%","2,307","65.4%","107,344","9.8%","12,022","63.6%","1,323","2.7%","1,331","51.3%","2,681","24.6%","17,228","62.2%","557","42.5%","693","38.0%","6,882","15.9%","1,136","5.5%","3,666","19.1%","17,295","4.1%","10,116","14.0%","2,115","60.8%","112,181","33.4%","79,876","36.8%","562","6.5%","107,580","39.6%","37,362","8.7%","1,740","1.9%","34,721","38.3%","3,695","8.6%","1,670","1.5%","8,314","16.6%","6,403","2.5%","1,969","5.1%","16,114","58.9%","275","54.6%","4,357","69.6%","15,537","22.7%","5,232","6.8%","37,548","54.3%","6,644","54.9%","6,468","65.0%","819","47.5%","37,415","68.8%","4,621","49.5%","8,342","6.6%","6,091","23.2%","6,303","60.7%"
"        $300,000 to $499,999","37,509","16.7%","48","34.0%","2,370","37.9%","9,361","30.6%","2,998","35.9%","589","21.1%","53,568","28.1%","691","22.1%","14,619","38.8%","28,738","25.6%","877","25.7%","6,952","39.2%","1,992","11.7%","946","38.9%","21,136","19.4%","2,067","13.5%","1,806","20.8%","641","18.2%","357,471","32.7%","4,693","24.8%","3,221","6.7%","817","31.5%","4,600","42.1%","6,370","23.0%","186","14.2%","501","27.5%","15,817","36.5%","4,824","23.4%","8,387","43.7%","81,008","19.2%","33,855","46.7%","804","23.1%","151,698","45.1%","91,343","42.1%","3,683","42.8%","104,642","38.5%","146,197","34.0%","4,002","4.5%","36,271","40.0%","14,078","32.8%","5,526","5.0%","14,261","28.4%","19,696","7.7%","6,479","16.9%","7,498","27.4%","123","24.4%","867","13.9%","34,164","49.9%","23,015","29.7%","23,459","33.9%","3,562","29.4%","1,829","18.4%","488","28.3%","8,444","15.5%","3,086","33.1%","38,522","30.6%","11,024","41.9%","2,656","25.6%"
"        $500,000 to $749,999","69,289","30.8%","41","29.1%","564","9.0%","2,330","7.6%","905","10.9%","159","5.7%","48,528","25.5%","140","4.5%","11,491","30.5%","6,535","5.8%","192","5.6%","1,856","10.5%","311","1.8%","305","12.6%","3,564","3.3%","548","3.6%","536","6.2%","87","2.5%","312,645","28.6%","715","3.8%","7,897","16.4%","137","5.3%","1,775","16.3%","1,492","5.4%","30","2.3%","337","18.5%","9,759","22.5%","8,059","39.1%","4,189","21.8%","155,319","36.7%","19,186","26.5%","175","5.0%","45,037","13.4%","29,617","13.6%","2,963","34.4%","34,827","12.8%","135,451","31.5%","15,350","17.1%","11,907","13.1%","14,614","34.0%","19,648","17.6%","7,664","15.3%","58,749","23.0%","11,103","28.9%","1,479","5.4%","56","11.1%","208","3.3%","13,610","19.9%","27,373","35.3%","3,651","5.3%","823","6.8%","438","4.4%","231","13.4%","1,982","3.6%","840","9.0%","47,065","37.4%","5,493","20.9%","371","3.6%"
"        $750,000 to $999,999","54,172","24.1%","6","4.3%","127","2.0%","795","2.6%","268","3.2%","103","3.7%","28,928","15.2%","54","1.7%","2,893","7.7%","1,564","1.4%","32","0.9%","354","2.0%","148","0.9%","17","0.7%","907","0.8%","74","0.5%","112","1.3%","12","0.3%","130,362","11.9%","412","2.2%","12,136","25.2%","125","4.8%","638","5.8%","438","1.6%","0","0.0%","128","7.0%","4,812","11.1%","3,076","14.9%","1,702","8.9%","92,389","21.9%","4,949","6.8%","118","3.4%","8,448","2.5%","6,504","3.0%","960","11.2%","7,992","2.9%","56,373","13.1%","20,706","23.1%","2,366","2.6%","5,727","13.3%","26,492","23.7%","8,489","16.9%","59,104","23.1%","10,346","26.9%","444","1.6%","0","0.0%","123","2.0%","2,248","3.3%","11,139","14.4%","1,158","1.7%","254","2.1%","98","1.0%","53","3.1%","518","1.0%","192","2.1%","18,305","14.6%","2,155","8.2%","160","1.5%"
"        $1,000,000 or more","50,703","22.6%","0","0.0%","110","1.8%","467","1.5%","162","1.9%","84","3.0%","37,659","19.8%","27","0.9%","1,267","3.4%","1,293","1.2%","61","1.8%","238","1.3%","39","0.2%","39","1.6%","809","0.7%","45","0.3%","155","1.8%","31","0.9%","164,351","15.0%","251","1.3%","22,868","47.5%","44","1.7%","518","4.7%","332","1.2%","60","4.6%","40","2.2%","5,243","12.1%","3,082","15.0%","591","3.1%","68,576","16.2%","3,110","4.3%","81","2.3%","6,376","1.9%","3,302","1.5%","284","3.3%","3,599","1.3%","45,761","10.6%","46,689","52.1%","1,071","1.2%","3,902","9.1%","56,784","50.9%","10,386","20.7%","108,420","42.4%","7,860","20.4%","234","0.9%","7","1.4%","37","0.6%","1,054","1.5%","8,813","11.4%","917","1.3%","211","1.7%","160","1.6%","50","2.9%","475","0.9%","207","2.2%","11,428","9.1%","1,054","4.0%","47","0.5%"
"        Median (dollars)","722,800","722,800","368,100","368,100","302,600","302,600","270,100","270,100","308,800","308,800","247,800","247,800","602,000","602,000","223,800","223,800","453,400","453,400","245,600","245,600","240,800","240,800","311,100","311,100","192,900","192,900","316,700","316,700","217,400","217,400","207,300","207,300","218,000","218,000","191,700","191,700","548,200","548,200","241,500","241,500","975,500","975,500","281,600","281,600","367,600","367,600","234,800","234,800","151,400","151,400","327,600","327,600","476,500","476,500","621,400","621,400","421,900","421,900","668,900","668,900","447,300","447,300","246,000","246,000","347,600","347,600","338,600","338,600","496,000","496,000","324,100","324,100","541,900","541,900","1,029,300","1,029,300","329,400","329,400","547,600","547,600","1,014,500","1,014,500","547,100","547,100","917,600","917,600","727,200","727,200","250,000","250,000","223,100","223,100","191,800","191,800","388,300","388,300","578,300","578,300","279,800","279,800","268,800","268,800","214,700","214,700","293,300","293,300","196,800","196,800","289,000","289,000","574,000","574,000","402,800","402,800","252,900","252,900"
"    MORTGAGE STATUS","","","","","","","","","","","","","","","","","","","","","","","","","","","","","","","","","","","","","","","","","","","","","","","","","","","","","","","","","","","","","","","","","","","","","","","","","","","","","","","","","","","","","","","","","","","","","","","","","","","","","","","","","","","","","","","","","","","",""
"        With either a second mortgage, or home equity loan, but not both","38,879","17.3%","11","7.8%","756","12.1%","4,470","14.6%","816","9.8%","186","6.7%","35,638","18.7%","297","9.5%","5,721","15.2%","12,173","10.8%","427","12.5%","2,418","13.7%","1,547","9.1%","328","13.5%","10,192","9.4%","1,273","8.3%","1,007","11.6%","365","10.4%","162,188","14.8%","1,732","9.2%","12,713","26.4%","346","13.3%","1,310","12.0%","2,162","7.8%","74","5.6%","116","6.4%","5,664","13.1%","3,984","19.3%","3,026","15.8%","73,180","17.3%","10,344","14.3%","648","18.6%","36,941","11.0%","31,247","14.4%","1,125","13.1%","30,872","11.4%","71,189","16.6%","17,031","19.0%","11,378","12.6%","6,167","14.4%","24,318","21.8%","7,924","15.8%","47,134","18.4%","8,407","21.9%","3,217","11.8%","66","13.1%","860","13.7%","9,079","13.3%","15,143","19.5%","7,477","10.8%","1,452","12.0%","1,024","10.3%","90","5.2%","3,846","7.1%","1,320","14.2%","19,008","15.1%","3,798","14.4%","1,107","10.7%"
"            Second mortgage only","6,332","2.8%","7","5.0%","229","3.7%","1,249","4.1%","201","2.4%","34","1.2%","6,157","3.2%","127","4.1%","1,379","3.7%","3,581","3.2%","102","3.0%","546","3.1%","559","3.3%","27","1.1%","4,105","3.8%","563","3.7%","397","4.6%","147","4.2%","36,324","3.3%","387","2.0%","1,339","2.8%","69","2.7%","469","4.3%","844","3.0%","9","0.7%","9","0.5%","1,032","2.4%","950","4.6%","509","2.7%","12,017","2.8%","2,006","2.8%","124","3.6%","11,991","3.6%","8,688","4.0%","206","2.4%","10,242","3.8%","15,005","3.5%","2,440","2.7%","3,533","3.9%","964","2.2%","3,292","2.9%","1,542","3.1%","7,404","2.9%","1,582","4.1%","789","2.9%","7","1.4%","215","3.4%","2,207","3.2%","3,014","3.9%","2,517","3.6%","511","4.2%","350","3.5%","24","1.4%","1,392","2.6%","522","5.6%","3,855","3.1%","993","3.8%","341","3.3%"
"            Home equity loan only","32,547","14.5%","4","2.8%","527","8.4%","3,221","10.5%","615","7.4%","152","5.4%","29,481","15.5%","170","5.4%","4,342","11.5%","8,592","7.6%","325","9.5%","1,872","10.6%","988","5.8%","301","12.4%","6,087","5.6%","710","4.6%","610","7.0%","218","6.2%","125,864","11.5%","1,345","7.1%","11,374","23.6%","277","10.7%","841","7.7%","1,318","4.8%","65","5.0%","107","5.9%","4,632","10.7%","3,034","14.7%","2,517","13.1%","61,163","14.5%","8,338","11.5%","524","15.1%","24,950","7.4%","22,559","10.4%","919","10.7%","20,630","7.6%","56,184","13.1%","14,591","16.3%","7,845","8.7%","5,203","12.1%","21,026","18.8%","6,382","12.7%","39,730","15.5%","6,825","17.8%","2,428","8.9%","59","11.7%","645","10.3%","6,872","10.0%","12,129","15.7%","4,960","7.2%","941","7.8%","674","6.8%","66","3.8%","2,454","4.5%","798","8.6%","15,153","12.1%","2,805","10.7%","766","7.4%"
"        Both second mortgage and home equity loan","1,442","0.6%","6","4.3%","41","0.7%","247","0.8%","51","0.6%","21","0.8%","1,266","0.7%","17","0.5%","170","0.5%","573","0.5%","14","0.4%","104","0.6%","44","0.3%","15","0.6%","552","0.5%","77","0.5%","36","0.4%","4","0.1%","8,552","0.8%","124","0.7%","457","0.9%","8","0.3%","41","0.4%","152","0.5%","13","1.0%","0","0.0%","263","0.6%","135","0.7%","61","0.3%","2,951","0.7%","485","0.7%","29","0.8%","1,808","0.5%","1,143","0.5%","152","1.8%","1,444","0.5%","2,992","0.7%","799","0.9%","549","0.6%","312","0.7%","789","0.7%","224","0.4%","2,046","0.8%","282","0.7%","76","0.3%","27","5.4%","38","0.6%","637","0.9%","572","0.7%","549","0.8%","90","0.7%","85","0.9%","0","0.0%","443","0.8%","54","0.6%","797","0.6%","159","0.6%","26","0.3%"
"        No second mortgage and no home equity loan","184,522","82.1%","124","87.9%","5,458","87.3%","25,836","84.6%","7,474","89.6%","2,583","92.6%","153,733","80.6%","2,808","89.9%","31,787","84.4%","99,588","88.7%","2,978","87.1%","15,192","85.8%","15,395","90.6%","2,087","85.9%","98,051","90.1%","13,981","91.2%","7,638","88.0%","3,157","89.5%","923,316","84.4%","17,058","90.2%","34,943","72.6%","2,240","86.4%","9,568","87.6%","25,393","91.6%","1,223","93.4%","1,708","93.6%","37,384","86.3%","16,486","80.0%","16,111","83.9%","346,576","82.0%","61,634","85.1%","2,803","80.5%","297,499","88.5%","184,638","85.1%","7,327","85.2%","239,670","88.1%","355,611","82.7%","71,796","80.1%","78,709","86.8%","36,445","84.9%","86,487","77.5%","42,045","83.8%","206,636","80.8%","29,749","77.4%","24,048","88.0%","411","81.5%","5,358","85.6%","58,756","85.8%","61,779","79.7%","61,078","88.4%","10,563","87.3%","8,835","88.8%","1,633","94.8%","50,067","92.1%","7,954","85.3%","105,924","84.2%","22,343","85.0%","9,248","89.1%"
"    HOUSEHOLD INCOME IN THE PAST 12 MONTHS (IN 2018 INFLATION-ADJUSTED DOLLARS)","","","","","","","","","","","","","","","","","","","","","","","","","","","","","","","","","","","","","","","","","","","","","","","","","","","","","","","","","","","","","","","","","","","","","","","","","","","","","","","","","","","","","","","","","","","","","","","","","","","","","","","","","","","","","","","","","","","",""
"        Less than $10,000","2,899","1.3%","0","0.0%","144","2.3%","662","2.2%","217","2.6%","50","1.8%","2,460","1.3%","35","1.1%","720","1.9%","2,308","2.1%","141","4.1%","568","3.2%","840","4.9%","68","2.8%","2,928","2.7%","273","1.8%","375","4.3%","30","0.9%","21,944","2.0%","663","3.5%","583","1.2%","75","2.9%","211","1.9%","718","2.6%","69","5.3%","4","0.2%","873","2.0%","253","1.2%","313","1.6%","7,256","1.7%","1,323","1.8%","69","2.0%","9,539","2.8%","4,063","1.9%","50","0.6%","5,834","2.1%","8,640","2.0%","1,334","1.5%","1,789","2.0%","865","2.0%","1,501","1.3%","623","1.2%","2,982","1.2%","708","1.8%","662","2.4%","0","0.0%","295","4.7%","1,206","1.8%","1,308","1.7%","1,218","1.8%","230","1.9%","259","2.6%","41","2.4%","1,636","3.0%","179","1.9%","1,700","1.4%","487","1.9%","160","1.5%"
"        $10,000 to $24,999","6,505","2.9%","19","13.5%","503","8.0%","2,317","7.6%","541","6.5%","204","7.3%","5,713","3.0%","389","12.5%","1,903","5.1%","6,873","6.1%","339","9.9%","1,249","7.1%","1,508","8.9%","173","7.1%","7,182","6.6%","999","6.5%","967","11.1%","177","5.0%","50,859","4.6%","1,234","6.5%","1,377","2.9%","214","8.2%","936","8.6%","2,137","7.7%","137","10.5%","30","1.6%","1,400","3.2%","862","4.2%","1,243","6.5%","13,721","3.2%","3,104","4.3%","273","7.8%","19,389","5.8%","10,201","4.7%","235","2.7%","16,977","6.2%","14,653","3.4%","2,581","2.9%","4,693","5.2%","2,050","4.8%","2,957","2.6%","1,716","3.4%","6,268","2.5%","1,080","2.8%","1,886","6.9%","67","13.3%","546","8.7%","2,358","3.4%","3,079","4.0%","3,538","5.1%","598","4.9%","1,163","11.7%","226","13.1%","5,282","9.7%","602","6.5%","4,008","3.2%","679","2.6%","630","6.1%"
"        $25,000 to $34,999","5,672","2.5%","7","5.0%","351","5.6%","1,817","5.9%","569","6.8%","144","5.2%","5,431","2.8%","190","6.1%","1,519","4.0%","7,785","6.9%","104","3.0%","1,147","6.5%","1,187","7.0%","84","3.5%","7,385","6.8%","1,091","7.1%","735","8.5%","176","5.0%","45,829","4.2%","1,063","5.6%","1,326","2.8%","151","5.8%","816","7.5%","1,787","6.4%","223","17.0%","40","2.2%","1,717","4.0%","578","2.8%","1,078","5.6%","12,989","3.1%","2,447","3.4%","209","6.0%","18,926","5.6%","9,467","4.4%","237","2.8%","14,885","5.5%","14,209","3.3%","1,992","2.2%","4,395","4.8%","1,468","3.4%","2,362","2.1%","2,076","4.1%","5,184","2.0%","1,131","2.9%","1,730","6.3%","36","7.1%","573","9.2%","2,241","3.3%","2,800","3.6%","3,974","5.8%","545","4.5%","983","9.9%","211","12.2%","4,401","8.1%","528","5.7%","4,251","3.4%","914","3.5%","525","5.1%"
"        $35,000 to $49,999","9,631","4.3%","16","11.3%","657","10.5%","3,544","11.6%","996","11.9%","306","11.0%","10,903","5.7%","255","8.2%","2,477","6.6%","10,620","9.5%","438","12.8%","2,612","14.7%","1,856","10.9%","349","14.4%","12,544","11.5%","1,833","12.0%","1,061","12.2%","256","7.3%","82,052","7.5%","2,253","11.9%","1,888","3.9%","254","9.8%","1,146","10.5%","3,782","13.6%","146","11.1%","262","14.4%","3,427","7.9%","1,023","5.0%","2,155","11.2%","21,823","5.2%","4,370","6.0%","405","11.6%","30,997","9.2%","17,876","8.2%","677","7.9%","26,201","9.6%","27,071","6.3%","3,422","3.8%","7,649","8.4%","3,203","7.5%","3,818","3.4%","3,253","6.5%","9,235","3.6%","2,284","5.9%","3,369","12.3%","56","11.1%","897","14.3%","4,945","7.2%","4,816","6.2%","7,401","10.7%","1,194","9.9%","1,411","14.2%","152","8.8%","7,091","13.0%","993","10.6%","6,657","5.3%","1,583","6.0%","1,416","13.6%"
"        $50,000 to $74,999","20,159","9.0%","19","13.5%","1,104","17.6%","5,604","18.3%","1,394","16.7%","513","18.4%","21,282","11.2%","853","27.3%","5,191","13.8%","22,029","19.6%","857","25.1%","3,767","21.3%","3,352","19.7%","330","13.6%","21,539","19.8%","2,679","17.5%","1,531","17.6%","888","25.2%","155,229","14.2%","3,956","20.9%","3,739","7.8%","540","20.8%","2,512","23.0%","5,938","21.4%","306","23.4%","360","19.7%","6,546","15.1%","2,593","12.6%","3,104","16.2%","47,994","11.4%","9,655","13.3%","618","17.8%","58,285","17.3%","35,776","16.5%","1,095","12.7%","51,117","18.8%","55,275","12.9%","6,822","7.6%","15,817","17.5%","6,217","14.5%","8,536","7.6%","6,946","13.8%","19,817","7.7%","4,325","11.3%","5,730","21.0%","59","11.7%","1,378","22.0%","9,790","14.3%","10,239","13.2%","13,781","19.9%","2,370","19.6%","2,246","22.6%","320","18.6%","11,190","20.6%","1,983","21.3%","15,882","12.6%","3,616","13.7%","1,977","19.0%"
"        $75,000 to $99,999","23,305","10.4%","18","12.8%","1,007","16.1%","4,905","16.1%","1,359","16.3%","687","24.6%","22,203","11.6%","549","17.6%","4,955","13.2%","18,919","16.8%","554","16.2%","2,914","16.5%","2,859","16.8%","416","17.1%","16,820","15.5%","2,882","18.8%","1,589","18.3%","544","15.4%","151,495","13.8%","3,047","16.1%","4,045","8.4%","564","21.7%","1,643","15.0%","4,432","16.0%","179","13.7%","386","21.2%","7,060","16.3%","2,580","12.5%","2,922","15.2%","52,216","12.4%","9,569","13.2%","724","20.8%","53,224","15.8%","34,262","15.8%","1,378","16.0%","44,508","16.4%","59,950","13.9%","8,113","9.1%","14,742","16.3%","6,675","15.6%","10,098","9.0%","7,009","14.0%","21,707","8.5%","4,764","12.4%","4,466","16.3%","42","8.3%","909","14.5%","11,256","16.4%","11,669","15.1%","11,678","16.9%","2,116","17.5%","1,405","14.1%","301","17.5%","8,047","14.8%","1,694","18.2%","18,381","14.6%","3,723","14.2%","1,924","18.5%"
"        $100,000 to $149,999","48,835","21.7%","43","30.5%","1,574","25.2%","6,409","21.0%","1,773","21.3%","446","16.0%","42,559","22.3%","548","17.6%","8,802","23.4%","23,289","20.7%","629","18.4%","3,265","18.4%","3,340","19.7%","643","26.5%","22,504","20.7%","3,250","21.2%","1,540","17.7%","889","25.2%","244,884","22.4%","4,285","22.7%","8,794","18.3%","447","17.2%","2,277","20.9%","4,983","18.0%","209","16.0%","438","24.0%","9,912","22.9%","5,150","25.0%","4,287","22.3%","94,846","22.4%","18,093","25.0%","695","20.0%","75,307","22.4%","51,841","23.9%","2,382","27.7%","60,541","22.3%","104,151","24.2%","15,774","17.6%","21,120","23.3%","10,668","24.9%","21,127","18.9%","12,246","24.4%","47,769","18.7%","8,763","22.8%","5,007","18.3%","212","42.1%","1,109","17.7%","17,051","24.9%","18,833","24.3%","16,055","23.2%","2,868","23.7%","1,420","14.3%","344","20.0%","9,504","17.5%","1,965","21.1%","30,645","24.4%","6,432","24.5%","2,268","21.8%"
"        $150,000 or more","107,837","48.0%","19","13.5%","915","14.6%","5,295","17.3%","1,492","17.9%","440","15.8%","80,086","42.0%","303","9.7%","12,111","32.1%","20,511","18.3%","357","10.4%","2,192","12.4%","2,044","12.0%","367","15.1%","17,893","16.4%","2,324","15.2%","883","10.2%","566","16.1%","341,764","31.2%","2,413","12.8%","26,361","54.8%","349","13.5%","1,378","12.6%","3,930","14.2%","41","3.1%","304","16.7%","12,376","28.6%","7,566","36.7%","4,096","21.3%","171,862","40.7%","23,902","33.0%","487","14.0%","70,581","21.0%","53,542","24.7%","2,550","29.6%","51,923","19.1%","145,843","33.9%","49,588","55.3%","20,431","22.5%","11,778","27.4%","61,195","54.8%","16,324","32.5%","142,854","55.8%","15,383","40.0%","4,491","16.4%","32","6.3%","549","8.8%","19,625","28.7%","24,750","31.9%","11,459","16.6%","2,184","18.0%","1,057","10.6%","128","7.4%","7,205","13.3%","1,384","14.8%","44,205","35.2%","8,866","33.7%","1,481","14.3%"
"        Median household income (dollars)","145,617","145,617","84,688","84,688","84,069","84,069","80,665","80,665","82,036","82,036","80,913","80,913","130,516","130,516","70,562","70,562","108,369","108,369","83,735","83,735","66,957","66,957","72,408","72,408","73,567","73,567","86,848","86,848","79,106","79,106","79,868","79,868","67,009","67,009","88,259","88,259","106,304","106,304","77,087","77,087","162,935","162,935","77,351","77,351","73,275","73,275","73,176","73,176","52,500","52,500","89,965","89,965","102,519","102,519","119,814","119,814","89,973","89,973","127,472","127,472","114,714","114,714","81,600","81,600","89,101","89,101","97,404","97,404","109,338","109,338","86,090","86,090","114,512","114,512","165,421","165,421","92,833","92,833","103,898","103,898","163,374","163,374","111,634","111,634","165,713","165,713","125,206","125,206","76,272","76,272","92,115","92,115","63,318","63,318","105,172","105,172","112,023","112,023","83,647","83,647","88,410","88,410","61,608","61,608","72,192","72,192","68,353","68,353","80,344","80,344","117,259","117,259","114,402","114,402","80,251","80,251"
"    RATIO OF VALUE TO HOUSEHOLD INCOME IN THE PAST 12 MONTHS","","","","","","","","","","","","","","","","","","","","","","","","","","","","","","","","","","","","","","","","","","","","","","","","","","","","","","","","","","","","","","","","","","","","","","","","","","","","","","","","","","","","","","","","","","","","","","","","","","","","","","","","","","","","","","","","","","","",""
"        Less than 2.0","14,050","6.2%","8","5.7%","1,161","18.6%","6,184","20.2%","1,545","18.5%","787","28.2%","16,728","8.8%","880","28.2%","4,228","11.2%","29,854","26.6%","549","16.1%","1,970","11.1%","5,808","34.2%","493","20.3%","34,606","31.8%","5,007","32.7%","2,003","23.1%","1,527","43.3%","83,299","7.6%","4,989","26.4%","2,887","6.0%","484","18.7%","1,187","10.9%","7,110","25.7%","408","31.1%","371","20.3%","4,032","9.3%","1,624","7.9%","2,168","11.3%","26,712","6.3%","8,533","11.8%","866","24.9%","49,270","14.7%","37,397","17.2%","568","6.6%","47,237","17.4%","31,602","7.4%","5,182","5.8%","17,347","19.1%","3,232","7.5%","5,034","4.5%","4,370","8.7%","13,694","5.4%","2,709","7.0%","6,495","23.8%","128","25.4%","1,779","28.4%","10,552","15.4%","5,741","7.4%","14,217","20.6%","3,139","25.9%","2,365","23.8%","154","8.9%","15,939","29.3%","1,765","18.9%","8,632","6.9%","4,025","15.3%","2,608","25.1%"
"        2.0 to 2.9","30,841","13.7%","25","17.7%","1,385","22.1%","7,707","25.2%","1,792","21.5%","643","23.0%","32,417","17.0%","621","19.9%","8,222","21.8%","30,577","27.2%","818","23.9%","3,270","18.5%","3,962","23.3%","590","24.3%","28,604","26.3%","4,684","30.6%","2,012","23.2%","950","26.9%","150,102","13.7%","4,584","24.2%","4,868","10.1%","507","19.5%","1,886","17.3%","6,665","24.1%","243","18.5%","277","15.2%","7,145","16.5%","2,779","13.5%","3,050","15.9%","52,653","12.5%","15,868","21.9%","815","23.4%","75,406","22.4%","55,463","25.6%","1,602","18.6%","58,992","21.7%","68,205","15.9%","8,292","9.3%","22,387","24.7%","5,933","13.8%","8,108","7.3%","8,014","16.0%","25,463","10.0%","4,641","12.1%","6,556","24.0%","117","23.2%","1,314","21.0%","16,413","24.0%","10,007","12.9%","18,132","26.2%","3,064","25.3%","1,901","19.1%","438","25.4%","13,293","24.5%","2,087","22.4%","19,575","15.6%","5,840","22.2%","3,149","30.3%"
"        3.0 to 3.9","40,358","17.9%","8","5.7%","834","13.3%","5,448","17.8%","1,342","16.1%","372","13.3%","35,855","18.8%","431","13.8%","7,038","18.7%","18,695","16.6%","694","20.3%","3,148","17.8%","2,449","14.4%","392","16.1%","16,146","14.8%","2,005","13.1%","1,196","13.8%","374","10.6%","178,809","16.3%","2,630","13.9%","6,943","14.4%","415","16.0%","1,712","15.7%","4,316","15.6%","222","16.9%","367","20.1%","7,469","17.2%","3,479","16.9%","2,951","15.4%","72,541","17.2%","15,215","21.0%","445","12.8%","62,984","18.7%","42,508","19.6%","1,461","17.0%","48,785","17.9%","82,418","19.2%","11,757","13.1%","17,144","18.9%","7,013","16.3%","14,084","12.6%","7,613","15.2%","37,617","14.7%","6,238","16.2%","4,805","17.6%","62","12.3%","931","14.9%","13,791","20.1%","13,691","17.7%","12,412","18.0%","1,989","16.4%","1,657","16.7%","221","12.8%","7,982","14.7%","1,581","16.9%","24,406","19.4%","5,872","22.3%","1,411","13.6%"
"        4.0 or more","138,855","61.8%","100","70.9%","2,827","45.2%","11,062","36.2%","3,612","43.3%","975","34.9%","104,944","55.0%","1,190","38.1%","17,982","47.7%","32,705","29.1%","1,315","38.5%","9,104","51.4%","4,565","26.9%","924","38.0%","28,674","26.4%","3,589","23.4%","3,303","38.0%","675","19.1%","675,415","61.7%","6,584","34.8%","33,270","69.1%","1,188","45.8%","6,126","56.1%","9,412","34.0%","421","32.1%","809","44.4%","24,456","56.5%","12,700","61.6%","10,976","57.2%","268,802","63.6%","32,324","44.6%","1,329","38.2%","145,333","43.2%","80,591","37.1%","4,966","57.7%","115,374","42.4%","244,766","56.9%","63,974","71.4%","33,302","36.7%","26,503","61.7%","83,898","75.2%","30,017","59.8%","178,150","69.6%","24,719","64.3%","9,305","34.0%","197","39.1%","2,203","35.2%","27,439","40.1%","47,731","61.6%","24,066","34.8%","3,868","32.0%","3,969","39.9%","892","51.8%","16,833","31.0%","3,816","40.9%","72,506","57.7%","10,435","39.7%","3,155","30.4%"
"        Not computed","739","0.3%","0","0.0%","48","0.8%","152","0.5%","50","0.6%","13","0.5%","693","0.4%","0","0.0%","208","0.6%","503","0.4%","43","1.3%","222","1.3%","202","1.2%","31","1.3%","765","0.7%","46","0.3%","167","1.9%","0","0.0%","6,431","0.6%","127","0.7%","145","0.3%","0","0.0%","8","0.1%","204","0.7%","16","1.2%","0","0.0%","209","0.5%","23","0.1%","53","0.3%","1,999","0.5%","523","0.7%","25","0.7%","3,255","1.0%","1,069","0.5%","7","0.1%","1,598","0.6%","2,801","0.7%","421","0.5%","456","0.5%","243","0.6%","470","0.4%","179","0.4%","892","0.3%","131","0.3%","180","0.7%","0","0.0%","29","0.5%","277","0.4%","324","0.4%","277","0.4%","45","0.4%","52","0.5%","18","1.0%","309","0.6%","79","0.8%","610","0.5%","128","0.5%","58","0.6%"
"    MONTHLY HOUSING COSTS","","","","","","","","","","","","","","","","","","","","","","","","","","","","","","","","","","","","","","","","","","","","","","","","","","","","","","","","","","","","","","","","","","","","","","","","","","","","","","","","","","","","","","","","","","","","","","","","","","","","","","","","","","","","","","","","","","","",""
"        Less than $200","185","0.1%","0","0.0%","0","0.0%","50","0.2%","0","0.0%","0","0.0%","93","0.0%","0","0.0%","65","0.2%","55","0.0%","0","0.0%","13","0.1%","0","0.0%","0","0.0%","34","0.0%","0","0.0%","0","0.0%","0","0.0%","305","0.0%","10","0.1%","25","0.1%","0","0.0%","0","0.0%","0","0.0%","0","0.0%","0","0.0%","34","0.1%","36","0.2%","6","0.0%","160","0.0%","40","0.1%","0","0.0%","150","0.0%","137","0.1%","12","0.1%","65","0.0%","103","0.0%","34","0.0%","145","0.2%","79","0.2%","0","0.0%","25","0.0%","50","0.0%","13","0.0%","8","0.0%","0","0.0%","0","0.0%","34","0.0%","24","0.0%","26","0.0%","0","0.0%","0","0.0%","0","0.0%","27","0.0%","0","0.0%","28","0.0%","28","0.1%","9","0.1%"
"        $200 to $399","340","0.2%","0","0.0%","24","0.4%","149","0.5%","20","0.2%","29","1.0%","218","0.1%","37","1.2%","123","0.3%","523","0.5%","30","0.9%","176","1.0%","33","0.2%","36","1.5%","416","0.4%","30","0.2%","87","1.0%","5","0.1%","1,951","0.2%","112","0.6%","46","0.1%","0","0.0%","29","0.3%","78","0.3%","37","2.8%","0","0.0%","82","0.2%","55","0.3%","29","0.2%","834","0.2%","145","0.2%","22","0.6%","972","0.3%","537","0.2%","22","0.3%","817","0.3%","973","0.2%","182","0.2%","482","0.5%","247","0.6%","168","0.2%","148","0.3%","314","0.1%","67","0.2%","121","0.4%","0","0.0%","61","1.0%","139","0.2%","163","0.2%","107","0.2%","21","0.2%","49","0.5%","14","0.8%","244","0.4%","1","0.0%","244","0.2%","78","0.3%","11","0.1%"
"        $400 to $599","1,110","0.5%","3","2.1%","115","1.8%","752","2.5%","109","1.3%","46","1.6%","956","0.5%","216","6.9%","326","0.9%","1,963","1.7%","56","1.6%","205","1.2%","254","1.5%","94","3.9%","2,006","1.8%","259","1.7%","174","2.0%","108","3.1%","6,331","0.6%","207","1.1%","90","0.2%","67","2.6%","152","1.4%","464","1.7%","63","4.8%","30","1.6%","272","0.6%","96","0.5%","145","0.8%","2,841","0.7%","408","0.6%","118","3.4%","3,142","0.9%","1,782","0.8%","48","0.6%","3,715","1.4%","2,654","0.6%","371","0.4%","1,192","1.3%","339","0.8%","499","0.4%","633","1.3%","936","0.4%","271","0.7%","567","2.1%","2","0.4%","305","4.9%","509","0.7%","544","0.7%","851","1.2%","190","1.6%","484","4.9%","145","8.4%","990","1.8%","195","2.1%","824","0.7%","184","0.7%","127","1.2%"
"        $600 to $799","1,758","0.8%","0","0.0%","213","3.4%","1,725","5.6%","264","3.2%","141","5.1%","1,904","1.0%","368","11.8%","620","1.6%","4,634","4.1%","154","4.5%","547","3.1%","736","4.3%","64","2.6%","6,200","5.7%","916","6.0%","507","5.8%","235","6.7%","13,891","1.3%","859","4.5%","261","0.5%","16","0.6%","303","2.8%","1,407","5.1%","195","14.9%","19","1.0%","635","1.5%","262","1.3%","501","2.6%","4,704","1.1%","982","1.4%","202","5.8%","8,258","2.5%","5,073","2.3%","78","0.9%","9,306","3.4%","4,997","1.2%","594","0.7%","1,991","2.2%","789","1.8%","747","0.7%","724","1.4%","1,893","0.7%","339","0.9%","1,258","4.6%","15","3.0%","466","7.4%","1,143","1.7%","1,052","1.4%","2,256","3.3%","487","4.0%","964","9.7%","46","2.7%","4,443","8.2%","295","3.2%","1,293","1.0%","473","1.8%","436","4.2%"
"        $800 to $999","3,085","1.4%","6","4.3%","455","7.3%","2,907","9.5%","339","4.1%","227","8.1%","3,480","1.8%","256","8.2%","1,258","3.3%","9,910","8.8%","412","12.1%","1,221","6.9%","2,168","12.8%","90","3.7%","10,888","10.0%","1,948","12.7%","1,051","12.1%","487","13.8%","24,231","2.2%","1,799","9.5%","452","0.9%","212","8.2%","576","5.3%","3,269","11.8%","280","21.4%","53","2.9%","1,306","3.0%","505","2.5%","749","3.9%","7,143","1.7%","1,995","2.8%","260","7.5%","14,781","4.4%","9,532","4.4%","84","1.0%","16,577","6.1%","8,875","2.1%","810","0.9%","5,016","5.5%","1,289","3.0%","1,476","1.3%","1,408","2.8%","2,573","1.0%","702","1.8%","2,320","8.5%","65","12.9%","840","13.4%","1,821","2.7%","1,512","2.0%","4,419","6.4%","669","5.5%","1,181","11.9%","249","14.5%","6,908","12.7%","403","4.3%","1,833","1.5%","794","3.0%","862","8.3%"
"        $1,000 to $1,499","15,800","7.0%","47","33.3%","1,599","25.6%","8,583","28.1%","1,747","20.9%","780","28.0%","18,530","9.7%","921","29.5%","5,110","13.6%","34,504","30.7%","1,223","35.8%","4,597","26.0%","6,197","36.5%","497","20.5%","35,553","32.7%","5,381","35.1%","2,394","27.6%","1,098","31.1%","123,548","11.3%","6,588","34.8%","2,383","5.0%","842","32.5%","2,532","23.2%","9,751","35.2%","439","33.5%","418","22.9%","6,655","15.4%","2,038","9.9%","3,222","16.8%","33,314","7.9%","8,730","12.0%","1,082","31.1%","67,933","20.2%","48,044","22.1%","894","10.4%","67,030","24.6%","44,938","10.5%","3,888","4.3%","20,217","22.3%","5,492","12.8%","5,160","4.6%","6,567","13.1%","12,809","5.0%","3,069","8.0%","8,450","30.9%","255","50.6%","2,294","36.7%","11,440","16.7%","9,132","11.8%","20,323","29.4%","3,465","28.6%","3,449","34.7%","520","30.2%","19,165","35.3%","2,740","29.4%","12,087","9.6%","4,403","16.7%","2,930","28.2%"
"        $1,500 to $1,999","28,797","12.8%","21","14.9%","1,836","29.4%","7,492","24.5%","2,512","30.1%","841","30.1%","30,141","15.8%","643","20.6%","7,645","20.3%","27,545","24.5%","787","23.0%","5,344","30.2%","4,494","26.5%","685","28.2%","26,967","24.8%","3,739","24.4%","2,249","25.9%","920","26.1%","205,023","18.7%","5,075","26.8%","3,920","8.1%","654","25.2%","2,728","25.0%","6,348","22.9%","192","14.7%","451","24.7%","9,546","22.0%","3,263","15.8%","4,690","24.4%","60,240","14.3%","14,984","20.7%","876","25.2%","85,025","25.3%","59,957","27.6%","1,567","18.2%","68,661","25.2%","72,855","17.0%","7,502","8.4%","23,972","26.4%","8,436","19.7%","9,611","8.6%","10,705","21.3%","23,222","9.1%","4,917","12.8%","7,374","27.0%","45","8.9%","1,294","20.7%","17,015","24.8%","15,323","19.8%","20,689","29.9%","3,494","28.9%","1,843","18.5%","436","25.3%","12,455","22.9%","2,555","27.4%","21,660","17.2%","5,331","20.3%","3,567","34.4%"
"        $2,000 to $2,499","38,160","17.0%","10","7.1%","1,097","17.5%","4,530","14.8%","1,558","18.7%","346","12.4%","31,983","16.8%","362","11.6%","7,425","19.7%","17,351","15.4%","422","12.3%","2,833","16.0%","2,203","13.0%","483","19.9%","15,090","13.9%","1,867","12.2%","1,110","12.8%","376","10.7%","205,967","18.8%","2,525","13.3%","5,082","10.6%","422","16.3%","2,383","21.8%","3,633","13.1%","46","3.5%","486","26.6%","8,440","19.5%","3,885","18.9%","4,018","20.9%","73,736","17.4%","14,994","20.7%","415","11.9%","65,893","19.6%","43,007","19.8%","2,114","24.6%","48,058","17.7%","83,115","19.3%","9,996","11.2%","16,801","18.5%","9,149","21.3%","13,277","11.9%","8,052","16.0%","33,407","13.1%","6,585","17.1%","3,883","14.2%","11","2.2%","581","9.3%","14,817","21.6%","16,469","21.3%","11,670","16.9%","2,048","16.9%","1,060","10.7%","69","4.0%","5,210","9.6%","1,370","14.7%","25,044","19.9%","6,000","22.8%","1,531","14.7%"
"        $2,500 to $2,999","37,850","16.8%","6","4.3%","580","9.3%","2,113","6.9%","981","11.8%","172","6.2%","28,360","14.9%","176","5.6%","5,237","13.9%","8,034","7.2%","75","2.2%","1,413","8.0%","543","3.2%","264","10.9%","5,883","5.4%","732","4.8%","668","7.7%","186","5.3%","167,571","15.3%","805","4.3%","6,023","12.5%","198","7.6%","988","9.0%","1,401","5.1%","52","4.0%","214","11.7%","5,042","11.6%","3,075","14.9%","2,338","12.2%","70,414","16.7%","12,808","17.7%","250","7.2%","45,726","13.6%","23,871","11.0%","1,257","14.6%","29,209","10.7%","73,479","17.1%","11,405","12.7%","10,669","11.8%","6,922","16.1%","14,925","13.4%","6,278","12.5%","36,949","14.4%","6,641","17.3%","1,708","6.2%","78","15.5%","246","3.9%","10,492","15.3%","12,840","16.6%","4,683","6.8%","927","7.7%","475","4.8%","129","7.5%","2,480","4.6%","896","9.6%","22,843","18.2%","4,147","15.8%","579","5.6%"
"        $3,000 or more","97,758","43.5%","48","34.0%","336","5.4%","2,252","7.4%","811","9.7%","208","7.5%","74,972","39.3%","143","4.6%","9,869","26.2%","7,815","7.0%","260","7.6%","1,365","7.7%","358","2.1%","217","8.9%","5,758","5.3%","459","3.0%","441","5.1%","111","3.1%","345,238","31.6%","934","4.9%","29,831","62.0%","183","7.1%","1,228","11.2%","1,356","4.9%","6","0.5%","153","8.4%","11,299","26.1%","7,390","35.9%","3,500","18.2%","169,321","40.1%","17,377","24.0%","255","7.3%","44,368","13.2%","25,088","11.6%","2,528","29.4%","28,548","10.5%","137,803","32.1%","54,844","61.2%","10,151","11.2%","10,182","23.7%","65,731","58.9%","15,653","31.2%","143,663","56.2%","15,834","41.2%","1,652","6.0%","33","6.5%","169","2.7%","11,062","16.2%","20,435","26.4%","4,080","5.9%","804","6.6%","439","4.4%","115","6.7%","2,434","4.5%","873","9.4%","39,873","31.7%","4,862","18.5%","329","3.2%"
"        Median (dollars)","2,806","2,806","1,797","1,797","1,755","1,755","1,570","1,570","1,846","1,846","1,571","1,571","2,641","2,641","1,383","1,383","2,249","2,249","1,579","1,579","1,428","1,428","1,682","1,682","1,423","1,423","1,851","1,851","1,490","1,490","1,421","1,421","1,523","1,523","1,426","1,426","2,417","2,417","1,492","1,492","3,500","3,500","1,627","1,627","1,851","1,851","1,441","1,441","1,066","1,066","1,927","1,927","2,185","2,185","2,526","2,526","2,032","2,032","2,702","2,702","2,298","2,298","1,529","1,529","1,927","1,927","1,860","1,860","2,378","2,378","1,758","1,758","2,478","2,478","3,473","3,473","1,838","1,838","2,262","2,262","3,360","3,360","2,303","2,303","3,229","3,229","2,745","2,745","1,556","1,556","1,367","1,367","1,315","1,315","2,072","2,072","2,334","2,334","1,642","1,642","1,654","1,654","1,325","1,325","1,386","1,386","1,376","1,376","1,683","1,683","2,497","2,497","2,155","2,155","1,617","1,617"
"    MONTHLY HOUSING COSTS AS A PERCENTAGE OF HOUSEHOLD INCOME IN THE PAST 12 MONTHS","","","","","","","","","","","","","","","","","","","","","","","","","","","","","","","","","","","","","","","","","","","","","","","","","","","","","","","","","","","","","","","","","","","","","","","","","","","","","","","","","","","","","","","","","","","","","","","","","","","","","","","","","","","","","","","","","","","",""
"        Less than $20,000","6,026","2.7%","15","10.6%","365","5.8%","2,162","7.1%","454","5.4%","88","3.2%","5,062","2.7%","343","11.0%","1,708","4.5%","5,631","5.0%","275","8.0%","1,130","6.4%","1,758","10.3%","164","6.7%","6,165","5.7%","962","6.3%","889","10.2%","128","3.6%","45,909","4.2%","1,263","6.7%","1,265","2.6%","214","8.2%","822","7.5%","1,850","6.7%","110","8.4%","16","0.9%","1,479","3.4%","716","3.5%","1,083","5.6%","13,303","3.1%","2,664","3.7%","155","4.5%","18,014","5.4%","9,119","4.2%","188","2.2%","14,031","5.2%","14,297","3.3%","2,310","2.6%","4,261","4.7%","1,793","4.2%","2,860","2.6%","1,525","3.0%","5,836","2.3%","1,238","3.2%","1,507","5.5%","50","9.9%","551","8.8%","2,269","3.3%","2,717","3.5%","3,038","4.4%","548","4.5%","930","9.4%","158","9.2%","4,676","8.6%","427","4.6%","3,599","2.9%","781","3.0%","554","5.3%"
"            Less than 20 percent","0","0.0%","0","0.0%","0","0.0%","0","0.0%","0","0.0%","0","0.0%","14","0.0%","0","0.0%","16","0.0%","0","0.0%","0","0.0%","0","0.0%","0","0.0%","0","0.0%","15","0.0%","0","0.0%","0","0.0%","0","0.0%","120","0.0%","44","0.2%","0","0.0%","0","0.0%","0","0.0%","0","0.0%","10","0.8%","0","0.0%","0","0.0%","0","0.0%","0","0.0%","32","0.0%","10","0.0%","0","0.0%","85","0.0%","15","0.0%","0","0.0%","12","0.0%","28","0.0%","0","0.0%","21","0.0%","0","0.0%","0","0.0%","0","0.0%","0","0.0%","13","0.0%","0","0.0%","0","0.0%","0","0.0%","27","0.0%","8","0.0%","0","0.0%","0","0.0%","0","0.0%","0","0.0%","13","0.0%","0","0.0%","0","0.0%","0","0.0%","9","0.1%"
"            20 to 29 percent","47","0.0%","0","0.0%","0","0.0%","12","0.0%","0","0.0%","0","0.0%","18","0.0%","15","0.5%","7","0.0%","66","0.1%","0","0.0%","34","0.2%","11","0.1%","4","0.2%","34","0.0%","0","0.0%","14","0.2%","0","0.0%","142","0.0%","11","0.1%","42","0.1%","0","0.0%","1","0.0%","6","0.0%","0","0.0%","0","0.0%","9","0.0%","8","0.0%","0","0.0%","59","0.0%","0","0.0%","0","0.0%","80","0.0%","32","0.0%","0","0.0%","45","0.0%","38","0.0%","0","0.0%","43","0.0%","16","0.0%","0","0.0%","16","0.0%","36","0.0%","0","0.0%","13","0.0%","0","0.0%","21","0.3%","0","0.0%","0","0.0%","8","0.0%","0","0.0%","7","0.1%","7","0.4%","12","0.0%","0","0.0%","49","0.0%","0","0.0%","0","0.0%"
"            30 percent or more","5,979","2.7%","15","10.6%","365","5.8%","2,150","7.0%","454","5.4%","88","3.2%","5,030","2.6%","328","10.5%","1,685","4.5%","5,565","5.0%","275","8.0%","1,096","6.2%","1,747","10.3%","160","6.6%","6,116","5.6%","962","6.3%","875","10.1%","128","3.6%","45,647","4.2%","1,208","6.4%","1,223","2.5%","214","8.2%","821","7.5%","1,844","6.7%","100","7.6%","16","0.9%","1,470","3.4%","708","3.4%","1,083","5.6%","13,212","3.1%","2,654","3.7%","155","4.5%","17,849","5.3%","9,072","4.2%","188","2.2%","13,974","5.1%","14,231","3.3%","2,310","2.6%","4,197","4.6%","1,777","4.1%","2,860","2.6%","1,509","3.0%","5,800","2.3%","1,225","3.2%","1,494","5.5%","50","9.9%","530","8.5%","2,242","3.3%","2,709","3.5%","3,030","4.4%","548","4.5%","923","9.3%","151","8.8%","4,651","8.6%","427","4.6%","3,550","2.8%","781","3.0%","545","5.2%"
"        $20,000 to $34,999","8,311","3.7%","11","7.8%","585","9.4%","2,482","8.1%","823","9.9%","297","10.6%","7,849","4.1%","271","8.7%","2,226","5.9%","10,832","9.6%","266","7.8%","1,612","9.1%","1,575","9.3%","130","5.3%","10,565","9.7%","1,355","8.8%","1,021","11.8%","255","7.2%","66,292","6.1%","1,570","8.3%","1,876","3.9%","226","8.7%","1,133","10.4%","2,588","9.3%","303","23.1%","58","3.2%","2,302","5.3%","954","4.6%","1,498","7.8%","18,664","4.4%","3,687","5.1%","371","10.7%","26,585","7.9%","13,543","6.2%","327","3.8%","22,067","8.1%","20,404","4.7%","3,176","3.5%","6,160","6.8%","2,347","5.5%","3,490","3.1%","2,711","5.4%","7,706","3.0%","1,550","4.0%","2,591","9.5%","53","10.5%","834","13.3%","3,259","4.8%","4,146","5.4%","5,415","7.8%","780","6.4%","1,423","14.3%","302","17.5%","6,334","11.7%","803","8.6%","5,750","4.6%","1,171","4.5%","703","6.8%"
"            Less than 20 percent","88","0.0%","0","0.0%","4","0.1%","102","0.3%","23","0.3%","2","0.1%","40","0.0%","0","0.0%","39","0.1%","168","0.1%","0","0.0%","15","0.1%","16","0.1%","6","0.2%","105","0.1%","25","0.2%","0","0.0%","0","0.0%","459","0.0%","35","0.2%","10","0.0%","0","0.0%","0","0.0%","35","0.1%","4","0.3%","0","0.0%","25","0.1%","0","0.0%","0","0.0%","220","0.1%","30","0.0%","4","0.1%","343","0.1%","67","0.0%","0","0.0%","223","0.1%","175","0.0%","50","0.1%","95","0.1%","53","0.1%","30","0.0%","85","0.2%","71","0.0%","31","0.1%","35","0.1%","0","0.0%","8","0.1%","17","0.0%","118","0.2%","77","0.1%","24","0.2%","47","0.5%","14","0.8%","64","0.1%","0","0.0%","24","0.0%","14","0.1%","0","0.0%"
"            20 to 29 percent","254","0.1%","0","0.0%","26","0.4%","217","0.7%","27","0.3%","13","0.5%","297","0.2%","84","2.7%","74","0.2%","990","0.9%","45","1.3%","94","0.5%","109","0.6%","10","0.4%","1,059","1.0%","61","0.4%","88","1.0%","16","0.5%","1,745","0.2%","105","0.6%","16","0.0%","51","2.0%","6","0.1%","125","0.5%","21","1.6%","0","0.0%","68","0.2%","45","0.2%","60","0.3%","650","0.2%","85","0.1%","24","0.7%","1,139","0.3%","569","0.3%","0","0.0%","1,240","0.5%","505","0.1%","36","0.0%","208","0.2%","66","0.2%","101","0.1%","156","0.3%","150","0.1%","48","0.1%","195","0.7%","0","0.0%","110","1.8%","81","0.1%","114","0.1%","434","0.6%","88","0.7%","105","1.1%","36","2.1%","405","0.7%","17","0.2%","90","0.1%","9","0.0%","40","0.4%"
"            30 percent or more","7,969","3.5%","11","7.8%","555","8.9%","2,163","7.1%","773","9.3%","282","10.1%","7,512","3.9%","187","6.0%","2,113","5.6%","9,674","8.6%","221","6.5%","1,503","8.5%","1,450","8.5%","114","4.7%","9,401","8.6%","1,269","8.3%","933","10.7%","239","6.8%","64,088","5.9%","1,430","7.6%","1,850","3.8%","175","6.7%","1,127","10.3%","2,428","8.8%","278","21.2%","58","3.2%","2,209","5.1%","909","4.4%","1,438","7.5%","17,794","4.2%","3,572","4.9%","343","9.9%","25,103","7.5%","12,907","5.9%","327","3.8%","20,604","7.6%","19,724","4.6%","3,090","3.4%","5,857","6.5%","2,228","5.2%","3,359","3.0%","2,470","4.9%","7,485","2.9%","1,471","3.8%","2,361","8.6%","53","10.5%","716","11.4%","3,161","4.6%","3,914","5.1%","4,904","7.1%","668","5.5%","1,271","12.8%","252","14.6%","5,865","10.8%","786","8.4%","5,636","4.5%","1,148","4.4%","663","6.4%"
"        $35,000 to $49,999","9,631","4.3%","16","11.3%","657","10.5%","3,544","11.6%","996","11.9%","306","11.0%","10,903","5.7%","255","8.2%","2,477","6.6%","10,620","9.5%","438","12.8%","2,612","14.7%","1,856","10.9%","349","14.4%","12,544","11.5%","1,833","12.0%","1,061","12.2%","256","7.3%","82,052","7.5%","2,253","11.9%","1,888","3.9%","254","9.8%","1,146","10.5%","3,782","13.6%","146","11.1%","262","14.4%","3,427","7.9%","1,023","5.0%","2,155","11.2%","21,823","5.2%","4,370","6.0%","405","11.6%","30,997","9.2%","17,876","8.2%","677","7.9%","26,201","9.6%","27,071","6.3%","3,422","3.8%","7,649","8.4%","3,203","7.5%","3,818","3.4%","3,253","6.5%","9,235","3.6%","2,284","5.9%","3,369","12.3%","56","11.1%","897","14.3%","4,945","7.2%","4,816","6.2%","7,401","10.7%","1,194","9.9%","1,411","14.2%","152","8.8%","7,091","13.0%","993","10.6%","6,657","5.3%","1,583","6.0%","1,416","13.6%"
"            Less than 20 percent","192","0.1%","0","0.0%","52","0.8%","319","1.0%","40","0.5%","17","0.6%","361","0.2%","94","3.0%","48","0.1%","674","0.6%","5","0.1%","83","0.5%","49","0.3%","15","0.6%","719","0.7%","147","1.0%","66","0.8%","15","0.4%","2,040","0.2%","151","0.8%","0","0.0%","7","0.3%","54","0.5%","157","0.6%","4","0.3%","22","1.2%","118","0.3%","62","0.3%","101","0.5%","629","0.1%","83","0.1%","27","0.8%","1,123","0.3%","642","0.3%","0","0.0%","1,140","0.4%","744","0.2%","107","0.1%","639","0.7%","72","0.2%","71","0.1%","194","0.4%","149","0.1%","80","0.2%","233","0.9%","2","0.4%","85","1.4%","202","0.3%","154","0.2%","288","0.4%","92","0.8%","122","1.2%","5","0.3%","513","0.9%","90","1.0%","92","0.1%","217","0.8%","19","0.2%"
"            20 to 29 percent","630","0.3%","0","0.0%","66","1.1%","782","2.6%","53","0.6%","74","2.7%","749","0.4%","23","0.7%","306","0.8%","2,372","2.1%","177","5.2%","358","2.0%","559","3.3%","42","1.7%","3,027","2.8%","722","4.7%","371","4.3%","80","2.3%","5,583","0.5%","552","2.9%","110","0.2%","7","0.3%","231","2.1%","1,091","3.9%","55","4.2%","63","3.5%","336","0.8%","96","0.5%","298","1.6%","1,392","0.3%","472","0.7%","125","3.6%","3,867","1.2%","2,650","1.2%","55","0.6%","4,547","1.7%","2,443","0.6%","260","0.3%","1,582","1.7%","245","0.6%","226","0.2%","423","0.8%","556","0.2%","177","0.5%","709","2.6%","8","1.6%","223","3.6%","545","0.8%","399","0.5%","1,369","2.0%","243","2.0%","309","3.1%","8","0.5%","1,870","3.4%","143","1.5%","429","0.3%","210","0.8%","323","3.1%"
"            30 percent or more","8,809","3.9%","16","11.3%","539","8.6%","2,443","8.0%","903","10.8%","215","7.7%","9,793","5.1%","138","4.4%","2,123","5.6%","7,574","6.7%","256","7.5%","2,171","12.3%","1,248","7.3%","292","12.0%","8,798","8.1%","964","6.3%","624","7.2%","161","4.6%","74,429","6.8%","1,550","8.2%","1,778","3.7%","240","9.3%","861","7.9%","2,534","9.1%","87","6.6%","177","9.7%","2,973","6.9%","865","4.2%","1,756","9.1%","19,802","4.7%","3,815","5.3%","253","7.3%","26,007","7.7%","14,584","6.7%","622","7.2%","20,514","7.5%","23,884","5.6%","3,055","3.4%","5,428","6.0%","2,886","6.7%","3,521","3.2%","2,636","5.3%","8,530","3.3%","2,027","5.3%","2,427","8.9%","46","9.1%","589","9.4%","4,198","6.1%","4,263","5.5%","5,744","8.3%","859","7.1%","980","9.9%","139","8.1%","4,708","8.7%","760","8.1%","6,136","4.9%","1,156","4.4%","1,074","10.3%"
"        $50,000 to $74,999","20,159","9.0%","19","13.5%","1,104","17.6%","5,604","18.3%","1,394","16.7%","513","18.4%","21,282","11.2%","853","27.3%","5,191","13.8%","22,029","19.6%","857","25.1%","3,767","21.3%","3,352","19.7%","330","13.6%","21,539","19.8%","2,679","17.5%","1,531","17.6%","888","25.2%","155,229","14.2%","3,956","20.9%","3,739","7.8%","540","20.8%","2,512","23.0%","5,938","21.4%","306","23.4%","360","19.7%","6,546","15.1%","2,593","12.6%","3,104","16.2%","47,994","11.4%","9,655","13.3%","618","17.8%","58,285","17.3%","35,776","16.5%","1,095","12.7%","51,117","18.8%","55,275","12.9%","6,822","7.6%","15,817","17.5%","6,217","14.5%","8,536","7.6%","6,946","13.8%","19,817","7.7%","4,325","11.3%","5,730","21.0%","59","11.7%","1,378","22.0%","9,790","14.3%","10,239","13.2%","13,781","19.9%","2,370","19.6%","2,246","22.6%","320","18.6%","11,190","20.6%","1,983","21.3%","15,882","12.6%","3,616","13.7%","1,977","19.0%"
"            Less than 20 percent","1,211","0.5%","0","0.0%","96","1.5%","986","3.2%","233","2.8%","52","1.9%","1,514","0.8%","192","6.1%","383","1.0%","4,035","3.6%","113","3.3%","518","2.9%","876","5.2%","62","2.6%","4,558","4.2%","600","3.9%","210","2.4%","223","6.3%","9,601","0.9%","934","4.9%","143","0.3%","84","3.2%","196","1.8%","1,380","5.0%","121","9.2%","45","2.5%","476","1.1%","195","0.9%","214","1.1%","3,078","0.7%","676","0.9%","130","3.7%","5,953","1.8%","3,924","1.8%","66","0.8%","6,528","2.4%","3,701","0.9%","236","0.3%","1,895","2.1%","600","1.4%","512","0.5%","542","1.1%","1,122","0.4%","338","0.9%","955","3.5%","12","2.4%","308","4.9%","663","1.0%","653","0.8%","1,875","2.7%","309","2.6%","434","4.4%","94","5.5%","2,849","5.2%","168","1.8%","909","0.7%","354","1.3%","290","2.8%"
"            20 to 29 percent","3,304","1.5%","2","1.4%","452","7.2%","2,172","7.1%","380","4.6%","283","10.1%","3,935","2.1%","410","13.1%","1,378","3.7%","9,520","8.5%","448","13.1%","1,145","6.5%","1,264","7.4%","93","3.8%","8,701","8.0%","1,189","7.8%","530","6.1%","374","10.6%","30,491","2.8%","1,446","7.6%","446","0.9%","265","10.2%","677","6.2%","2,792","10.1%","98","7.5%","58","3.2%","1,704","3.9%","416","2.0%","655","3.4%","7,379","1.7%","2,496","3.4%","160","4.6%","17,520","5.2%","12,426","5.7%","214","2.5%","16,933","6.2%","10,738","2.5%","690","0.8%","5,489","6.1%","1,200","2.8%","819","0.7%","1,696","3.4%","2,400","0.9%","673","1.8%","2,243","8.2%","47","9.3%","635","10.2%","2,805","4.1%","2,253","2.9%","5,117","7.4%","868","7.2%","908","9.1%","128","7.4%","4,614","8.5%","886","9.5%","2,899","2.3%","1,201","4.6%","736","7.1%"
"            30 percent or more","15,644","7.0%","17","12.1%","556","8.9%","2,446","8.0%","781","9.4%","178","6.4%","15,833","8.3%","251","8.0%","3,430","9.1%","8,474","7.5%","296","8.7%","2,104","11.9%","1,212","7.1%","175","7.2%","8,280","7.6%","890","5.8%","791","9.1%","291","8.3%","115,137","10.5%","1,576","8.3%","3,150","6.5%","191","7.4%","1,639","15.0%","1,766","6.4%","87","6.6%","257","14.1%","4,366","10.1%","1,982","9.6%","2,235","11.6%","37,537","8.9%","6,483","8.9%","328","9.4%","34,812","10.4%","19,426","9.0%","815","9.5%","27,656","10.2%","40,836","9.5%","5,896","6.6%","8,433","9.3%","4,417","10.3%","7,205","6.5%","4,708","9.4%","16,295","6.4%","3,314","8.6%","2,532","9.3%","0","0.0%","435","7.0%","6,322","9.2%","7,333","9.5%","6,789","9.8%","1,193","9.9%","904","9.1%","98","5.7%","3,727","6.9%","929","10.0%","12,074","9.6%","2,061","7.8%","951","9.2%"
"        $75,000 or more","179,977","80.0%","80","56.7%","3,496","55.9%","16,609","54.4%","4,624","55.4%","1,573","56.4%","144,848","76.0%","1,400","44.8%","25,868","68.7%","62,719","55.8%","1,540","45.0%","8,371","47.3%","8,243","48.5%","1,426","58.7%","57,217","52.6%","8,456","55.2%","4,012","46.2%","1,999","56.7%","738,143","67.5%","9,745","51.5%","39,200","81.5%","1,360","52.4%","5,298","48.5%","13,345","48.2%","429","32.7%","1,128","61.8%","29,348","67.8%","15,296","74.2%","11,305","58.9%","318,924","75.4%","51,564","71.2%","1,906","54.8%","199,112","59.2%","139,645","64.3%","6,310","73.3%","156,972","57.7%","309,944","72.1%","73,475","82.0%","56,293","62.1%","29,121","67.8%","92,420","82.8%","35,579","70.9%","212,330","83.0%","28,910","75.2%","13,964","51.1%","286","56.7%","2,567","41.0%","47,932","70.0%","55,252","71.3%","39,192","56.7%","7,168","59.2%","3,882","39.0%","773","44.9%","24,756","45.5%","5,043","54.1%","93,231","74.2%","19,021","72.3%","5,673","54.6%"
"            Less than 20 percent","79,990","35.6%","29","20.6%","1,957","31.3%","9,894","32.4%","2,286","27.4%","907","32.5%","64,571","33.9%","781","25.0%","12,369","32.8%","37,938","33.8%","800","23.4%","4,500","25.4%","5,301","31.2%","732","30.1%","37,292","34.3%","5,537","36.1%","2,225","25.6%","1,418","40.2%","308,536","28.2%","6,278","33.2%","16,454","34.2%","679","26.2%","2,499","22.9%","8,763","31.6%","354","27.0%","504","27.6%","12,841","29.6%","6,846","33.2%","5,117","26.7%","132,549","31.4%","24,091","33.2%","1,100","31.6%","94,893","28.2%","76,450","35.2%","2,253","26.2%","83,517","30.7%","125,132","29.1%","32,186","35.9%","29,463","32.5%","12,989","30.3%","39,342","35.3%","15,808","31.5%","92,053","36.0%","11,747","30.6%","8,680","31.7%","170","33.7%","1,771","28.3%","23,336","34.1%","24,329","31.4%","23,166","33.5%","4,252","35.1%","2,545","25.6%","519","30.1%","16,740","30.8%","2,698","28.9%","39,231","31.2%","10,045","38.2%","3,307","31.9%"
"            20 to 29 percent","62,000","27.6%","18","12.8%","1,261","20.2%","5,269","17.2%","1,420","17.0%","506","18.1%","49,336","25.9%","376","12.0%","8,627","22.9%","19,421","17.3%","577","16.9%","2,657","15.0%","2,450","14.4%","531","21.9%","15,475","14.2%","2,449","16.0%","1,158","13.3%","506","14.4%","250,135","22.9%","2,679","14.2%","11,886","24.7%","477","18.4%","1,961","18.0%","3,393","12.2%","45","3.4%","341","18.7%","9,949","23.0%","5,312","25.8%","3,946","20.6%","107,625","25.5%","18,801","25.9%","614","17.6%","72,633","21.6%","47,363","21.8%","2,506","29.1%","51,726","19.0%","112,875","26.3%","21,666","24.2%","19,703","21.7%","9,801","22.8%","28,700","25.7%","12,041","24.0%","68,943","27.0%","9,881","25.7%","3,862","14.1%","72","14.3%","629","10.1%","17,518","25.6%","19,035","24.6%","12,622","18.3%","2,102","17.4%","1,072","10.8%","128","7.4%","6,327","11.6%","1,605","17.2%","32,060","25.5%","6,470","24.6%","1,979","19.1%"
"            30 percent or more","37,987","16.9%","33","23.4%","278","4.4%","1,446","4.7%","918","11.0%","160","5.7%","30,941","16.2%","243","7.8%","4,872","12.9%","5,360","4.8%","163","4.8%","1,214","6.9%","492","2.9%","163","6.7%","4,450","4.1%","470","3.1%","629","7.2%","75","2.1%","179,472","16.4%","788","4.2%","10,860","22.6%","204","7.9%","838","7.7%","1,189","4.3%","30","2.3%","283","15.5%","6,558","15.1%","3,138","15.2%","2,242","11.7%","78,750","18.6%","8,672","12.0%","192","5.5%","31,586","9.4%","15,832","7.3%","1,551","18.0%","21,729","8.0%","71,937","16.7%","19,623","21.9%","7,127","7.9%","6,331","14.7%","24,378","21.8%","7,730","15.4%","51,334","20.1%","7,282","18.9%","1,422","5.2%","44","8.7%","167","2.7%","7,078","10.3%","11,888","15.3%","3,404","4.9%","814","6.7%","265","2.7%","126","7.3%","1,689","3.1%","740","7.9%","21,940","17.5%","2,506","9.5%","387","3.7%"
"        Zero or negative income","739","0.3%","0","0.0%","48","0.8%","152","0.5%","50","0.6%","13","0.5%","693","0.4%","0","0.0%","208","0.6%","503","0.4%","43","1.3%","222","1.3%","202","1.2%","31","1.3%","765","0.7%","46","0.3%","167","1.9%","0","0.0%","6,431","0.6%","127","0.7%","145","0.3%","0","0.0%","8","0.1%","204","0.7%","16","1.2%","0","0.0%","209","0.5%","23","0.1%","53","0.3%","1,999","0.5%","523","0.7%","25","0.7%","3,255","1.0%","1,069","0.5%","7","0.1%","1,598","0.6%","2,801","0.7%","421","0.5%","456","0.5%","243","0.6%","470","0.4%","179","0.4%","892","0.3%","131","0.3%","180","0.7%","0","0.0%","29","0.5%","277","0.4%","324","0.4%","277","0.4%","45","0.4%","52","0.5%","18","1.0%","309","0.6%","79","0.8%","610","0.5%","128","0.5%","58","0.6%"
"    REAL ESTATE TAXES","","","","","","","","","","","","","","","","","","","","","","","","","","","","","","","","","","","","","","","","","","","","","","","","","","","","","","","","","","","","","","","","","","","","","","","","","","","","","","","","","","","","","","","","","","","","","","","","","","","","","","","","","","","","","","","","","","","",""
"        Less than $800","2,691","1.2%","4","2.8%","391","6.3%","2,708","8.9%","406","4.9%","225","8.1%","2,716","1.4%","390","12.5%","1,011","2.7%","9,626","8.6%","200","5.8%","1,658","9.4%","1,498","8.8%","212","8.7%","6,706","6.2%","1,736","11.3%","1,044","12.0%","468","13.3%","24,851","2.3%","1,991","10.5%","388","0.8%","153","5.9%","930","8.5%","2,270","8.2%","252","19.2%","53","2.9%","1,533","3.5%","585","2.8%","658","3.4%","8,282","2.0%","1,913","2.6%","288","8.3%","14,524","4.3%","9,683","4.5%","213","2.5%","16,387","6.0%","13,187","3.1%","1,451","1.6%","5,113","5.6%","1,674","3.9%","1,044","0.9%","1,873","3.7%","4,073","1.6%","1,362","3.5%","2,096","7.7%","35","6.9%","768","12.3%","3,199","4.7%","2,398","3.1%","4,692","6.8%","497","4.1%","1,405","14.1%","137","8.0%","7,636","14.0%","466","5.0%","3,965","3.2%","1,039","4.0%","799","7.7%"
"        $800 to $1,499","8,013","3.6%","4","2.8%","1,155","18.5%","7,453","24.4%","1,488","17.8%","732","26.2%","8,066","4.2%","867","27.8%","3,463","9.2%","26,573","23.7%","820","24.0%","3,110","17.6%","4,898","28.8%","437","18.0%","22,407","20.6%","4,813","31.4%","2,086","24.0%","1,143","32.4%","71,871","6.6%","4,692","24.8%","733","1.5%","521","20.1%","1,146","10.5%","7,710","27.8%","464","35.4%","236","12.9%","3,415","7.9%","1,095","5.3%","1,546","8.1%","23,747","5.6%","4,111","5.7%","951","27.3%","35,551","10.6%","27,977","12.9%","500","5.8%","43,828","16.1%","29,102","6.8%","3,474","3.9%","13,546","14.9%","2,590","6.0%","3,573","3.2%","4,556","9.1%","7,235","2.8%","1,792","4.7%","7,174","26.2%","149","29.6%","2,285","36.5%","6,237","9.1%","4,344","5.6%","13,489","19.5%","2,068","17.1%","3,671","36.9%","555","32.2%","17,687","32.5%","1,861","20.0%","6,857","5.5%","2,229","8.5%","2,152","20.7%"
"        $1,500 or more","212,215","94.4%","130","92.2%","4,646","74.3%","19,937","65.3%","6,408","76.8%","1,797","64.4%","177,732","93.2%","1,733","55.5%","32,711","86.8%","74,395","66.2%","2,312","67.6%","12,612","71.2%","10,363","61.0%","1,671","68.8%","77,943","71.6%","8,526","55.6%","5,322","61.3%","1,871","53.1%","983,928","89.9%","11,930","63.1%","46,608","96.9%","1,873","72.2%","8,548","78.3%","17,230","62.2%","592","45.2%","1,528","83.8%","37,898","87.5%","18,634","90.4%","16,819","87.6%","386,096","91.3%","65,576","90.5%","2,190","62.9%","281,171","83.6%","175,814","81.0%","7,841","91.1%","207,395","76.3%","381,099","88.7%","83,881","93.6%","70,642","77.9%","37,705","87.8%","105,975","95.0%","42,703","85.1%","241,761","94.5%","34,694","90.3%","17,690","64.7%","253","50.2%","3,129","50.0%","57,947","84.6%","69,663","89.9%","50,139","72.6%","9,392","77.6%","4,724","47.5%","950","55.1%","28,270","52.0%","6,806","73.0%","113,536","90.3%","22,524","85.6%","7,312","70.4%"
"        No real estate taxes paid","1,924","0.9%","3","2.1%","63","1.0%","455","1.5%","39","0.5%","36","1.3%","2,123","1.1%","132","4.2%","493","1.3%","1,740","1.5%","87","2.5%","334","1.9%","227","1.3%","110","4.5%","1,739","1.6%","256","1.7%","229","2.6%","44","1.2%","13,406","1.2%","301","1.6%","384","0.8%","47","1.8%","295","2.7%","497","1.8%","2","0.2%","7","0.4%","465","1.1%","291","1.4%","175","0.9%","4,582","1.1%","863","1.2%","51","1.5%","5,002","1.5%","3,554","1.6%","50","0.6%","4,376","1.6%","6,404","1.5%","820","0.9%","1,335","1.5%","955","2.2%","1,002","0.9%","1,061","2.1%","2,747","1.1%","590","1.5%","381","1.4%","67","13.3%","74","1.2%","1,089","1.6%","1,089","1.4%","784","1.1%","148","1.2%","144","1.4%","81","4.7%","763","1.4%","195","2.1%","1,371","1.1%","508","1.9%","118","1.1%"
"        Median (dollars)","6,116","6,116","2,958","2,958","2,394","2,394","2,131","2,131","2,515","2,515","1,861","1,861","5,497","5,497","1,734","1,734","3,595","3,595","2,124","2,124","1,890","1,890","2,339","2,339","1,775","1,775","2,479","2,479","2,286","2,286","1,710","1,710","1,834","1,834","1,583","1,583","4,353","4,353","1,894","1,894","8,433","8,433","2,176","2,176","2,781","2,781","1,863","1,863","1,356","1,356","2,799","2,799","3,678","3,678","4,616","4,616","3,425","3,425","5,018","5,018","4,309","4,309","1,843","1,843","3,454","3,454","2,912","2,912","4,282","4,282","2,710","2,710","4,284","4,284","7,806","7,806","2,918","2,918","4,076","4,076","7,215","7,215","3,933","3,933","7,416","7,416","5,247","5,247","1,983","1,983","1,819","1,819","1,519","1,519","3,361","3,361","4,354","4,354","2,306","2,306","2,563","2,563","1,467","1,467","1,742","1,742","1,597","1,597","2,352","2,352","4,483","4,483","3,870","3,870","2,382","2,382"